phantom5test1_insertion,579,490
phantom5test1_zeroing,582,489
phantom5test1_retraction,583,507
phantom5test2_insertion,533,510
phantom5test2_zeroing,536,508
phantom5test2_retraction,535,526
phantom5test3_insertion,526,507
phantom5test3_zeroing,529,505
phantom5test3_retraction,526,514
phantom5test4_insertion,536,547
phantom5test4_zeroing,541,546
phantom5test4_retraction,539,547
phantom5test5_insertion,545,532
phantom5test5_zeroing,547,529
phantom5test5_retraction,546,529
