phantom4test1_insertion_0,387,315
phantom4test1_retraction_0,395,313
phantom4test1_zeroing_0,389,312
phantom4test2_insertion_0,332,333
phantom4test2_retraction_0,336,326
phantom4test2_zeroing_0,334,327
phantom4test3_insertion_0,326,373
phantom4test3_retraction_0,336,369
phantom4test3_zeroing_0,340,392
phantom4test4_insertion_0,367,387
phantom4test4_retraction_0,372,386
phantom4test4_zeroing_0,374,400
phantom4test5_insertion_0,320,407
phantom4test5_retraction_0,328,397
phantom4test5_zeroing_0,326,402
